id,first_name,last_name,email,gender,ip_address
1,Kenton,Artingstall,kartingstall0@spiegel.de,Male,204.181.35.45
2,Alvin,Aingell,aaingell1@ebay.co.uk,Male,232.235.94.91
3,Ansel,Gaiter,agaiter2@ted.com,Male,120.72.14.85
4,Alyss,Wrighton,awrighton3@webs.com,Female,11.193.136.61
5,Willow,Crookston,wcrookston4@cpanel.net,Female,17.229.123.107
6,Umberto,Skamell,uskamell5@ca.gov,Male,90.96.184.205
7,Hyatt,Feasby,hfeasby6@redcross.org,Male,209.108.163.69
8,Mandel,Wisniowski,mwisniowski7@aboutads.info,Male,122.37.129.167
9,Lory,Twort,ltwort8@google.pl,Female,240.104.253.239
10,Erny,Poolton,epoolton9@liveinternet.ru,Male,229.72.22.92
11,Darn,Knivett,dknivetta@amazon.de,Male,245.134.163.39
12,Nettie,Gowrich,ngowrichb@fc2.com,Female,250.253.212.70
13,Angela,Tomkiss,atomkissc@tiny.cc,Female,178.109.192.128
14,Kristoffer,Gebb,kgebbd@gravatar.com,Male,105.162.243.50
15,Hercule,Firminger,hfirmingere@slate.com,Male,195.172.23.114
16,Corney,Aslie,caslief@dyndns.org,Male,81.67.18.56
17,Boonie,Slimme,bslimmeg@intel.com,Male,122.136.57.12
18,Andros,Jantet,ajanteth@china.com.cn,Male,112.246.210.232
19,Kathie,MacCarter,kmaccarteri@toplist.cz,Female,248.99.199.137
20,Jody,Di Lucia,jdiluciaj@simplemachines.org,Male,147.38.192.2
21,Hervey,Michal,hmichalk@mac.com,Male,34.232.7.16
22,Lurleen,Cotterel,lcotterell@squidoo.com,Female,201.20.128.232
23,Giacopo,Romero,gromerom@qq.com,Male,94.254.121.16
24,Alika,Ridgeway,aridgewayn@whitehouse.gov,Female,65.223.33.16
25,Nico,Kaspar,nkasparo@nifty.com,Male,219.161.29.10
26,Keely,Haton,khatonp@ted.com,Female,15.244.244.207
27,Fianna,Meo,fmeoq@altervista.org,Female,101.23.218.159
28,Wright,Elsley,welsleyr@ftc.gov,Male,54.82.181.115
29,Mano,Philippeaux,mphilippeauxs@gizmodo.com,Male,134.222.29.86
30,Melinda,Gegay,mgegayt@digg.com,Female,37.253.69.144
31,Iorgo,Stranger,istrangeru@odnoklassniki.ru,Male,8.216.190.171
32,Aloisia,Paoletti,apaolettiv@umich.edu,Female,2.95.25.230
33,Serge,Moors,smoorsw@ihg.com,Male,103.197.42.219
34,Fanni,Cattroll,fcattrollx@omniture.com,Female,143.107.64.36
35,Natividad,Swindall,nswindally@tinyurl.com,Female,97.3.197.95
36,Ruthe,Cowterd,rcowterdz@ihg.com,Female,196.233.169.158
37,Philly,Jeynes,pjeynes10@naver.com,Female,37.165.144.123
38,Carissa,Grandison,cgrandison11@un.org,Female,246.121.231.66
39,Rory,Hamsson,rhamsson12@wordpress.org,Male,126.121.119.171
40,Amalea,de Clerq,adeclerq13@imgur.com,Female,252.196.134.247
41,Ailina,Whines,awhines14@technorati.com,Female,159.251.192.228
42,Krishna,MacArd,kmacard15@un.org,Male,208.24.59.165
43,Murvyn,Gianasi,mgianasi16@china.com.cn,Male,96.144.224.162
44,Hakim,Cordel,hcordel17@simplemachines.org,Male,207.168.51.110
45,Tiebout,Littledyke,tlittledyke18@barnesandnoble.com,Male,81.243.175.118
46,Rawley,Folker,rfolker19@flickr.com,Male,175.85.27.220
47,Clarabelle,St Angel,cstangel1a@amazonaws.com,Female,23.132.68.251
48,Trevor,Allen,tallen1b@go.com,Male,110.167.161.46
49,Blakelee,Snalham,bsnalham1c@is.gd,Female,151.189.8.72
50,Peggy,Paroni,pparoni1d@themeforest.net,Female,127.154.223.125
51,Marianne,Ruffles,mruffles1e@huffingtonpost.com,Female,98.71.215.43
52,Kippie,Grew,kgrew1f@nydailynews.com,Male,128.146.227.239
53,Roze,Rimington,rrimington1g@arizona.edu,Female,4.255.68.60
54,Ximenez,Book,xbook1h@apache.org,Male,119.143.51.7
55,Charissa,Chadwick,cchadwick1i@go.com,Female,34.204.195.105
56,Jaimie,Burtwistle,jburtwistle1j@apache.org,Female,14.170.21.120
57,Benyamin,Wessing,bwessing1k@mac.com,Male,62.175.214.189
58,Loydie,Ferby,lferby1l@google.nl,Male,153.197.193.162
59,Woodman,Klemps,wklemps1m@eepurl.com,Male,31.140.13.132
60,Marcellina,Amberson,mamberson1n@chronoengine.com,Female,42.148.49.58
61,Karalynn,Syddon,ksyddon1o@marketwatch.com,Female,105.177.133.105
62,Sibylla,Prium,sprium1p@nhs.uk,Female,44.206.76.160
63,Bernadene,Harrell,bharrell1q@si.edu,Female,213.75.64.205
64,Aubine,Mattevi,amattevi1r@google.fr,Female,172.254.55.249
65,D'arcy,Fairholme,dfairholme1s@wikimedia.org,Male,51.214.245.187
66,Jonis,Dansey,jdansey1t@miitbeian.gov.cn,Female,253.196.213.70
67,Boy,Fernehough,bfernehough1u@dion.ne.jp,Male,110.84.146.156
68,Natka,Grigoriev,ngrigoriev1v@wufoo.com,Female,146.70.111.74
69,Brandie,Kop,bkop1w@amazon.com,Female,222.94.90.246
70,Doralin,Nolin,dnolin1x@microsoft.com,Female,88.9.246.34
71,Shirley,Starbuck,sstarbuck1y@behance.net,Female,172.203.189.103
72,Fredi,Bardwall,fbardwall1z@symantec.com,Female,208.99.124.156
73,Eustacia,Hub,ehub20@over-blog.com,Female,7.6.246.52
74,Nico,Chadwin,nchadwin21@narod.ru,Male,167.126.74.23
75,Tamqrah,Logan,tlogan22@so-net.ne.jp,Female,68.72.196.1
76,Eula,Cliburn,ecliburn23@aboutads.info,Female,3.165.196.50
77,Rustie,Muat,rmuat24@cornell.edu,Male,148.218.253.213
78,Desmund,Formoy,dformoy25@cisco.com,Male,114.234.20.223
79,Jessa,Spottiswoode,jspottiswoode26@uiuc.edu,Female,172.92.75.19
80,Sapphira,Given,sgiven27@wordpress.com,Female,20.185.115.143
81,Giacobo,Judge,gjudge28@msu.edu,Male,134.232.71.130
82,Stormi,Tewkesbury,stewkesbury29@apache.org,Female,175.138.32.63
83,Tadd,Tester,ttester2a@usnews.com,Male,136.205.54.194
84,Carmencita,Gladyer,cgladyer2b@cbc.ca,Female,218.170.166.253
85,Karissa,Sunshine,ksunshine2c@about.me,Female,158.137.137.17
86,Darb,Wolver,dwolver2d@home.pl,Female,25.199.146.35
87,Jack,Fairbourne,jfairbourne2e@dmoz.org,Male,26.143.48.107
88,Thebault,Marron,tmarron2f@wsj.com,Male,190.81.18.92
89,Orv,Cheak,ocheak2g@ovh.net,Male,30.14.141.103
90,Rozanne,McIlvaney,rmcilvaney2h@feedburner.com,Female,8.147.246.29
91,Suzanna,Luetchford,sluetchford2i@archive.org,Female,99.32.250.253
92,Reagan,Coners,rconers2j@fc2.com,Male,244.18.115.14
93,Malachi,Pays,mpays2k@kickstarter.com,Male,133.143.41.51
94,Jewel,Olyet,jolyet2l@homestead.com,Female,126.75.90.118
95,Velvet,Loughran,vloughran2m@newyorker.com,Female,217.143.30.98
96,Gaby,Grumble,ggrumble2n@sbwire.com,Male,161.138.185.4
97,Kennie,Annis,kannis2o@stumbleupon.com,Male,221.54.253.40
98,Catarina,Finci,cfinci2p@independent.co.uk,Female,41.24.181.155
99,Osborn,Lardeur,olardeur2q@fastcompany.com,Male,94.224.114.254
100,Merci,Presho,mpresho2r@jugem.jp,Female,85.99.76.222
101,Noel,MacCauley,nmaccauley2s@woothemes.com,Male,152.45.137.97
102,Greggory,Vannah,gvannah2t@deliciousdays.com,Male,246.39.135.98
103,Janessa,Amos,jamos2u@biglobe.ne.jp,Female,179.107.20.39
104,Dukie,Duinbleton,dduinbleton2v@telegraph.co.uk,Male,126.17.211.218
105,Heywood,Alton,halton2w@japanpost.jp,Male,181.220.90.6
106,Harrie,Lambe,hlambe2x@berkeley.edu,Female,218.12.92.68
107,Meris,Gannaway,mgannaway2y@google.com,Female,161.240.116.176
108,Sollie,Dudman,sdudman2z@google.it,Male,155.82.221.249
109,Gwenore,Fetherstone,gfetherstone30@alibaba.com,Female,83.231.1.92
110,Rennie,Schulken,rschulken31@cnet.com,Female,48.173.15.37
111,Everard,Kill,ekill32@pinterest.com,Male,94.192.73.193
112,Lenee,Younie,lyounie33@foxnews.com,Female,181.34.6.98
113,Heidi,Larchier,hlarchier34@biglobe.ne.jp,Female,97.142.148.174
114,Merl,Dilleway,mdilleway35@baidu.com,Female,234.223.149.90
115,Phillida,Willetts,pwilletts36@networksolutions.com,Female,41.225.166.137
116,Russell,Nezey,rnezey37@mozilla.org,Male,120.53.52.67
117,Waverly,Duckers,wduckers38@alibaba.com,Male,242.60.183.50
118,Bernard,Asser,basser39@discovery.com,Male,133.144.173.130
119,Pepita,Westberg,pwestberg3a@hc360.com,Female,199.220.50.49
120,Michaela,Ginni,mginni3b@bing.com,Female,5.207.251.219
121,Rowney,Claasen,rclaasen3c@biblegateway.com,Male,104.128.149.36
122,Barney,Farmery,bfarmery3d@stumbleupon.com,Male,158.127.11.115
123,Jenine,Rockhall,jrockhall3e@mail.ru,Female,137.227.192.147
124,Stephan,Northrop,snorthrop3f@newsvine.com,Male,182.238.226.97
125,Melonie,McCerery,mmccerery3g@tuttocitta.it,Female,64.235.238.192
126,Rafi,Darridon,rdarridon3h@pbs.org,Male,150.72.248.182
127,Ailyn,Garnett,agarnett3i@nature.com,Female,153.120.112.54
128,Rafaellle,Milier,rmilier3j@elegantthemes.com,Male,24.181.73.207
129,Trix,Arsey,tarsey3k@mayoclinic.com,Female,189.245.133.71
130,Jake,Crass,jcrass3l@baidu.com,Male,240.105.154.85
131,Susana,McWhannel,smcwhannel3m@skype.com,Female,240.193.169.230
132,Marina,Feldbaum,mfeldbaum3n@soundcloud.com,Female,224.234.9.183
133,Bronny,Dowglass,bdowglass3o@nbcnews.com,Male,88.187.182.170
134,Elinore,Speares,espeares3p@altervista.org,Female,82.200.243.159
135,Raynell,Grunder,rgrunder3q@economist.com,Female,136.212.77.163
136,Lyon,Meo,lmeo3r@webeden.co.uk,Male,147.21.36.148
137,Gauthier,Stonman,gstonman3s@un.org,Male,164.114.194.122
138,Derry,Bolles,dbolles3t@intel.com,Male,144.126.65.130
139,Angelico,Dorgan,adorgan3u@flavors.me,Male,142.35.204.180
140,Asia,Aldrich,aaldrich3v@squidoo.com,Female,13.242.209.61
141,Thayne,Heikkinen,theikkinen3w@gmpg.org,Male,189.2.40.139
142,Tine,McFarlan,tmcfarlan3x@washington.edu,Female,90.131.232.241
143,Ferrell,Mensler,fmensler3y@about.com,Male,219.161.59.71
144,Tommie,Tesyro,ttesyro3z@usgs.gov,Female,40.207.217.208
145,Rubi,Haythorne,rhaythorne40@wisc.edu,Female,81.211.232.83
146,Hersh,Chessill,hchessill41@vkontakte.ru,Male,245.84.223.52
147,Natka,Crimpe,ncrimpe42@ftc.gov,Female,11.162.62.153
148,Magdalen,Stean,mstean43@liveinternet.ru,Female,208.170.13.98
149,Walker,McPeeters,wmcpeeters44@friendfeed.com,Male,20.115.219.235
150,Doreen,Whitnell,dwhitnell45@surveymonkey.com,Female,211.251.214.168
151,Neall,Iffe,niffe46@goo.ne.jp,Male,22.9.144.203
152,Cassi,Hassard,chassard47@tiny.cc,Female,133.231.20.189
153,Demetre,Gartenfeld,dgartenfeld48@mapquest.com,Male,178.220.50.29
154,Devon,McDermott-Row,dmcdermottrow49@merriam-webster.com,Female,93.47.107.190
155,Allie,Cardus,acardus4a@zimbio.com,Male,164.83.61.161
156,Clemmie,Ungerechts,cungerechts4b@newsvine.com,Male,229.248.52.46
157,Eward,Mitchard,emitchard4c@who.int,Male,147.69.57.142
158,Ulla,MacKaig,umackaig4d@ft.com,Female,186.215.214.5
159,Mortimer,Brothwood,mbrothwood4e@lulu.com,Male,226.54.45.109
160,Kristofor,Dumbleton,kdumbleton4f@hubpages.com,Male,92.88.23.117
161,Noell,Sibley,nsibley4g@youku.com,Female,184.58.187.30
162,Essa,Brockherst,ebrockherst4h@xing.com,Female,138.116.50.153
163,Ase,Bettaney,abettaney4i@sourceforge.net,Male,177.2.0.220
164,Ainslie,Yushmanov,ayushmanov4j@marketwatch.com,Female,32.102.229.176
165,Lenore,Bever,lbever4k@clickbank.net,Female,224.141.177.221
166,Bancroft,Kibbe,bkibbe4l@blogtalkradio.com,Male,145.238.185.12
167,Jenn,Benardette,jbenardette4m@netlog.com,Female,191.134.95.179
168,Amargo,Karle,akarle4n@w3.org,Female,138.47.27.107
169,Wolfy,Fabb,wfabb4o@ted.com,Male,233.254.199.253
170,Stern,Soars,ssoars4p@admin.ch,Male,170.83.130.210
171,Katherina,Ibbeson,kibbeson4q@e-recht24.de,Female,158.121.237.251
172,Prinz,Mathissen,pmathissen4r@narod.ru,Male,16.169.197.178
173,Cami,Shiril,cshiril4s@amazon.co.jp,Female,47.7.89.212
174,Collin,Ilieve,cilieve4t@google.es,Male,13.106.230.214
175,Brocky,Matusovsky,bmatusovsky4u@cocolog-nifty.com,Male,196.206.211.55
176,Mandy,Aisbett,maisbett4v@free.fr,Female,53.73.197.126
177,Brigham,Vertigan,bvertigan4w@lulu.com,Male,146.175.190.224
178,Arthur,Vader,avader4x@usgs.gov,Male,56.33.169.128
179,Konstantine,Drakeley,kdrakeley4y@de.vu,Male,61.202.186.21
180,Ogden,Teideman,oteideman4z@yandex.ru,Male,213.108.6.126
181,Addy,Trout,atrout50@noaa.gov,Male,150.192.91.61
182,Casey,Fluck,cfluck51@time.com,Male,239.162.195.130
183,Chadd,Genty,cgenty52@elegantthemes.com,Male,112.214.110.36
184,Abeu,Ewles,aewles53@webnode.com,Male,153.59.216.47
185,Jeannette,MacRory,jmacrory54@icq.com,Female,214.148.179.44
186,Karim,Hinrichs,khinrichs55@drupal.org,Male,95.231.138.3
187,De,Willshere,dwillshere56@ucoz.ru,Female,32.72.216.194
188,Maximo,Glyssanne,mglyssanne57@yellowpages.com,Male,170.240.138.129
189,Feliza,Rippon,frippon58@sfgate.com,Female,152.37.216.24
190,Kettie,Marlowe,kmarlowe59@foxnews.com,Female,170.246.102.212
191,Jillene,Philippe,jphilippe5a@wikia.com,Female,126.42.211.213
192,Dur,Heckney,dheckney5b@oakley.com,Male,241.101.235.230
193,Elsbeth,Bedingfield,ebedingfield5c@youtu.be,Female,55.162.191.215
194,Arvin,Lago,alago5d@posterous.com,Male,161.157.158.211
195,Erl,Reedshaw,ereedshaw5e@bizjournals.com,Male,184.69.33.93
196,Yasmin,Kilgallon,ykilgallon5f@howstuffworks.com,Female,111.215.251.196
197,Daron,Maudling,dmaudling5g@cdbaby.com,Female,161.246.141.118
198,Janet,Kennewell,jkennewell5h@i2i.jp,Female,222.31.193.7
199,Paddie,Loines,ploines5i@sina.com.cn,Male,101.48.75.37
200,Napoleon,Dow,ndow5j@tamu.edu,Male,231.211.41.193
201,Wilma,Emson,wemson5k@nbcnews.com,Female,246.157.109.215
202,Janessa,Edgell,jedgell5l@plala.or.jp,Female,106.255.128.233
203,Barton,McCalister,bmccalister5m@yale.edu,Male,86.117.238.54
204,Ulrica,Burehill,uburehill5n@earthlink.net,Female,60.70.136.178
205,Janela,Wigfall,jwigfall5o@berkeley.edu,Female,220.184.235.86
206,Raf,Elvidge,relvidge5p@printfriendly.com,Female,141.190.70.134
207,Donnell,Bohin,dbohin5q@acquirethisname.com,Male,108.76.11.175
208,Carling,Tarver,ctarver5r@yahoo.com,Male,94.151.106.92
209,Wendi,Dine-Hart,wdinehart5s@theguardian.com,Female,78.59.246.6
210,Carce,Kinneir,ckinneir5t@craigslist.org,Male,17.120.2.44
211,Rosina,Loseke,rloseke5u@cyberchimps.com,Female,154.213.231.55
212,Sallee,Raubenheimers,sraubenheimers5v@unc.edu,Female,114.98.218.81
213,Albina,Pickup,apickup5w@npr.org,Female,76.89.142.248
214,Desiree,Reinmar,dreinmar5x@networkadvertising.org,Female,16.101.77.198
215,Cord,Astie,castie5y@hexun.com,Male,112.160.70.242
216,Carlen,Platfoot,cplatfoot5z@columbia.edu,Female,67.243.220.202
217,Deena,Stroband,dstroband60@baidu.com,Female,206.236.130.232
218,Xaviera,Beggan,xbeggan61@aol.com,Female,166.210.150.252
219,Teresita,Baine,tbaine62@engadget.com,Female,91.212.230.147
220,Bentlee,Bakesef,bbakesef63@house.gov,Male,87.78.216.227
221,Alayne,Spatari,aspatari64@ftc.gov,Female,95.20.241.148
222,Sandor,Sauven,ssauven65@mlb.com,Male,131.62.27.186
223,Gaylene,Heaps,gheaps66@timesonline.co.uk,Female,1.179.206.75
224,Phaidra,Mynett,pmynett67@reuters.com,Female,2.221.131.245
225,Edvard,Papps,epapps68@mayoclinic.com,Male,78.144.193.179
226,Stacee,Hodgon,shodgon69@prweb.com,Male,122.85.25.171
227,Tamra,Almeida,talmeida6a@businesswire.com,Female,9.176.37.16
228,Hamnet,Milius,hmilius6b@ovh.net,Male,13.115.197.194
229,Martelle,Kevern,mkevern6c@seesaa.net,Female,54.108.33.80
230,Mac,Stock,mstock6d@cbsnews.com,Male,85.248.4.38
231,Mandel,Frankling,mfrankling6e@mit.edu,Male,96.61.95.215
232,Arri,Jurgen,ajurgen6f@reddit.com,Male,136.242.80.59
233,Mikaela,Paridge,mparidge6g@bloglovin.com,Female,65.223.240.150
234,Gianni,Baszniak,gbaszniak6h@jimdo.com,Male,115.48.175.51
235,Yance,Pragnell,ypragnell6i@cnbc.com,Male,215.26.14.74
236,Waverly,Rupprecht,wrupprecht6j@printfriendly.com,Male,23.221.81.71
237,Olwen,Reedman,oreedman6k@feedburner.com,Female,69.208.1.70
238,Deborah,Bambrick,dbambrick6l@stumbleupon.com,Female,52.211.108.175
239,Helaina,Blackler,hblackler6m@opera.com,Female,93.232.76.111
240,Ettie,Knightsbridge,eknightsbridge6n@geocities.com,Female,208.214.148.191
241,Sophie,Giraudel,sgiraudel6o@pcworld.com,Female,43.237.85.107
242,Gregorius,Moppett,gmoppett6p@github.com,Male,132.142.21.186
243,Ainsley,Glasner,aglasner6q@joomla.org,Female,235.9.95.27
244,Dalila,Sockell,dsockell6r@narod.ru,Female,57.15.135.181
245,Osmond,Rayburn,orayburn6s@histats.com,Male,254.127.34.167
246,Fiorenze,Laye,flaye6t@fema.gov,Female,71.183.101.170
247,Sonny,Gibbs,sgibbs6u@meetup.com,Female,254.237.147.39
248,Uriah,Smeall,usmeall6v@nyu.edu,Male,229.93.200.229
249,Hewet,Halse,hhalse6w@google.co.uk,Male,49.220.113.52
250,Kathryn,Halvosen,khalvosen6x@si.edu,Female,32.56.145.81
251,Nestor,Hardiman,nhardiman6y@upenn.edu,Male,90.239.63.32
252,Ara,Dreini,adreini6z@bbb.org,Male,108.255.91.180
253,Torrence,Jendrusch,tjendrusch70@epa.gov,Male,140.140.132.115
254,Humberto,Kairns,hkairns71@paginegialle.it,Male,1.66.59.243
255,Kristos,Gilmour,kgilmour72@psu.edu,Male,108.220.96.54
256,Filip,Cicetti,fcicetti73@ycombinator.com,Male,186.39.185.13
257,Valencia,Spandley,vspandley74@ustream.tv,Female,212.255.6.252
258,Chrisse,Kivlin,ckivlin75@domainmarket.com,Male,176.223.233.81
259,Julee,Cowle,jcowle76@comsenz.com,Female,35.107.173.215
260,Ravi,Emmet,remmet77@amazonaws.com,Male,180.54.66.162
261,Mandie,Sterley,msterley78@newyorker.com,Female,151.78.132.109
262,Judith,Brimm,jbrimm79@skype.com,Female,118.125.238.28
263,Shalom,Goodday,sgoodday7a@csmonitor.com,Male,99.181.209.4
264,Enrico,Surman,esurman7b@redcross.org,Male,195.252.38.33
265,Zahara,Penddreth,zpenddreth7c@mozilla.org,Female,25.232.119.14
266,Anthony,Olivi,aolivi7d@arstechnica.com,Male,4.48.112.152
267,Ashlen,Walcot,awalcot7e@google.it,Female,233.61.45.51
268,Ivy,O' Loughran,ioloughran7f@pcworld.com,Female,177.146.160.116
269,Lacey,Lorenz,llorenz7g@weather.com,Female,95.120.4.188
270,Buddy,Weavill,bweavill7h@google.com.au,Male,251.64.212.56
271,Maddie,Dufour,mdufour7i@ted.com,Male,178.167.112.41
272,Lock,Drabble,ldrabble7j@webmd.com,Male,108.141.145.19
273,Wynne,Hartshorne,whartshorne7k@mozilla.com,Female,204.146.65.205
274,Kandy,Touhig,ktouhig7l@yellowbook.com,Female,146.38.24.146
275,Alex,Furley,afurley7m@ibm.com,Female,228.45.95.191
276,Angelo,Metson,ametson7n@google.fr,Male,89.194.110.105
277,Alessandra,Vandrill,avandrill7o@hp.com,Female,204.171.31.25
278,Terri,Missen,tmissen7p@opensource.org,Male,248.82.109.68
279,Akim,Queenborough,aqueenborough7q@pagesperso-orange.fr,Male,115.187.205.47
280,Dinny,Wyborn,dwyborn7r@eepurl.com,Female,234.46.130.223
281,Cinnamon,Portal,cportal7s@cisco.com,Female,223.76.138.101
282,Darnell,Van,dvan7t@kickstarter.com,Male,148.154.173.151
283,Briny,Wholesworth,bwholesworth7u@godaddy.com,Female,241.141.254.8
284,Andros,Dykins,adykins7v@sourceforge.net,Male,50.130.97.87
285,Modestine,Bricknall,mbricknall7w@dailymail.co.uk,Female,153.119.233.172
286,Jud,Gorwood,jgorwood7x@dedecms.com,Male,47.123.50.45
287,Pate,Kingsnode,pkingsnode7y@paginegialle.it,Male,153.176.34.74
288,Rurik,Demcik,rdemcik7z@reddit.com,Male,251.176.250.252
289,Kirby,Eassom,keassom80@imageshack.us,Male,90.37.41.100
290,Aubrette,Praundl,apraundl81@phoca.cz,Female,17.111.19.38
291,Callean,Eake,ceake82@google.fr,Male,241.99.155.1
292,Niki,Halsey,nhalsey83@msn.com,Male,131.91.184.177
293,Kaspar,Mosdall,kmosdall84@dedecms.com,Male,153.16.123.135
294,Yehudit,Tzuker,ytzuker85@ucoz.com,Male,206.90.169.126
295,Elie,Ivashnikov,eivashnikov86@weibo.com,Female,169.6.241.60
296,Griffy,Laval,glaval87@barnesandnoble.com,Male,84.145.180.42
297,Samuel,De la Barre,sdelabarre88@gizmodo.com,Male,42.58.113.254
298,Augie,McIlvaney,amcilvaney89@printfriendly.com,Male,187.71.208.18
299,Sonny,Pesselt,spesselt8a@free.fr,Male,68.151.58.6
300,Danyelle,Roset,droset8b@yahoo.co.jp,Female,233.122.18.160
301,Michaella,Aronsohn,maronsohn8c@surveymonkey.com,Female,21.148.124.192
302,Thoma,Philip,tphilip8d@redcross.org,Male,164.166.17.207
303,Clementius,Jodkowski,cjodkowski8e@issuu.com,Male,213.49.159.75
304,Emilie,Spavon,espavon8f@shinystat.com,Female,31.14.24.195
305,Wyatt,Goggan,wgoggan8g@wordpress.com,Male,182.46.135.251
306,Allys,Stonbridge,astonbridge8h@mlb.com,Female,91.30.90.226
307,Riordan,Korfmann,rkorfmann8i@stanford.edu,Male,177.74.179.88
308,Jack,Crummey,jcrummey8j@e-recht24.de,Male,164.90.114.197
309,Thebault,Le febre,tlefebre8k@fda.gov,Male,246.222.77.243
310,Finley,Dekeyser,fdekeyser8l@bloglines.com,Male,66.154.228.211
311,Reeta,Chastelain,rchastelain8m@ftc.gov,Female,125.72.21.234
312,Paten,Phair,pphair8n@tripadvisor.com,Male,61.8.170.98
313,Clare,Miliffe,cmiliffe8o@dyndns.org,Male,183.73.85.30
314,Carlotta,Draxford,cdraxford8p@unicef.org,Female,153.189.147.75
315,Giffy,Aulds,gaulds8q@nbcnews.com,Male,188.163.166.84
316,Tracie,Dowty,tdowty8r@studiopress.com,Male,17.90.230.21
317,Hoebart,Grimsey,hgrimsey8s@statcounter.com,Male,204.79.41.49
318,Elyn,Corradi,ecorradi8t@flickr.com,Female,11.220.164.177
319,Gaven,Kingscote,gkingscote8u@technorati.com,Male,236.91.40.235
320,Melosa,Eyam,meyam8v@patch.com,Female,15.69.144.221
321,Phil,Millmore,pmillmore8w@liveinternet.ru,Male,12.168.179.95
322,Lib,Brecken,lbrecken8x@ted.com,Female,155.61.35.248
323,Hubie,Falla,hfalla8y@drupal.org,Male,69.99.174.159
324,Josi,Glennard,jglennard8z@ucoz.com,Female,186.174.156.115
325,Ralph,Matveichev,rmatveichev90@washingtonpost.com,Male,16.208.243.134
326,Town,Djorevic,tdjorevic91@alibaba.com,Male,32.31.234.189
327,Dion,Scarrisbrick,dscarrisbrick92@mayoclinic.com,Male,94.102.117.156
328,Bennie,Cheshir,bcheshir93@usnews.com,Male,212.138.110.242
329,Inigo,Wickmann,iwickmann94@shop-pro.jp,Male,135.254.30.60
330,Barbaraanne,Gronauer,bgronauer95@netscape.com,Female,160.213.190.169
331,Saloma,Double,sdouble96@un.org,Female,138.54.174.78
332,Addi,Roff,aroff97@a8.net,Female,81.188.100.20
333,Hakeem,Agiolfinger,hagiolfinger98@ed.gov,Male,137.92.138.181
334,Alisa,Billanie,abillanie99@clickbank.net,Female,65.106.26.28
335,Estrella,Prowting,eprowting9a@infoseek.co.jp,Female,251.50.41.220
336,Vinnie,Bendon,vbendon9b@phpbb.com,Male,210.189.139.243
337,Kelley,Stonard,kstonard9c@theatlantic.com,Male,114.226.180.112
338,Land,Mariaud,lmariaud9d@pcworld.com,Male,229.78.205.220
339,Iormina,Walesby,iwalesby9e@cnbc.com,Female,49.246.7.40
340,Crosby,Jantel,cjantel9f@pagesperso-orange.fr,Male,247.169.88.167
341,Misti,Rubinek,mrubinek9g@amazon.co.uk,Female,180.205.152.12
342,Jone,Gadaud,jgadaud9h@youtube.com,Male,51.221.163.112
343,Esme,Cruddas,ecruddas9i@tiny.cc,Male,123.3.247.130
344,Lefty,Colquyte,lcolquyte9j@examiner.com,Male,47.46.200.232
345,Isidore,Marzella,imarzella9k@wp.com,Male,62.218.189.13
346,Armin,Drewe,adrewe9l@hp.com,Male,226.81.88.207
347,Evanne,Colleford,ecolleford9m@alibaba.com,Female,34.210.55.137
348,Sella,MacDirmid,smacdirmid9n@networkadvertising.org,Female,204.32.3.235
349,Ezekiel,Cloutt,ecloutt9o@issuu.com,Male,239.128.34.178
350,Vance,Fetherston,vfetherston9p@taobao.com,Male,106.105.144.153
351,Norrie,Gunson,ngunson9q@noaa.gov,Female,174.217.204.188
352,Legra,Tinkham,ltinkham9r@infoseek.co.jp,Female,122.206.26.223
353,Dougy,Faulkener,dfaulkener9s@usnews.com,Male,95.114.207.153
354,Ody,Purdy,opurdy9t@chronoengine.com,Male,242.242.228.221
355,Sigfried,Healy,shealy9u@pcworld.com,Male,8.222.135.116
356,Audre,Ilive,ailive9v@lulu.com,Female,146.156.229.68
357,Hartwell,McCarly,hmccarly9w@merriam-webster.com,Male,111.102.223.123
358,Aurea,Barabisch,abarabisch9x@nifty.com,Female,52.26.202.27
359,Ransom,Rathmell,rrathmell9y@hhs.gov,Male,142.171.228.121
360,Mavra,Di Maria,mdimaria9z@amazon.co.jp,Female,56.136.239.61
361,Doralyn,Hylden,dhyldena0@patch.com,Female,36.206.34.168
362,Valentin,Thorald,vthoralda1@ft.com,Male,210.176.55.231
363,Sonja,Ticksall,sticksalla2@pinterest.com,Female,162.248.122.247
364,Cletus,Ossipenko,cossipenkoa3@bluehost.com,Male,111.89.155.216
365,Kat,Nurden,knurdena4@yale.edu,Female,145.220.97.32
366,Isabella,Cicchelli,icicchellia5@ted.com,Female,109.105.173.238
367,Cristian,Waistell,cwaistella6@si.edu,Male,132.96.206.165
368,Solomon,Brashier,sbrashiera7@flickr.com,Male,61.86.14.137
369,Mikkel,Birkwood,mbirkwooda8@seattletimes.com,Male,65.157.175.27
370,Jared,Tuttiett,jtuttietta9@istockphoto.com,Male,75.21.173.154
371,Conrad,Franzman,cfranzmanaa@paginegialle.it,Male,73.210.155.135
372,Matilde,Digle,mdigleab@skype.com,Female,151.215.216.108
373,Ewen,Coleby,ecolebyac@marketwatch.com,Male,132.23.23.136
374,Garald,Exroll,gexrollad@google.ca,Male,39.106.143.38
375,Sonnie,Dionis,sdionisae@google.com.au,Female,116.192.175.200
376,Sawyere,Silverson,ssilversonaf@comsenz.com,Male,233.245.244.6
377,Barris,Bonnyson,bbonnysonag@surveymonkey.com,Male,16.95.160.54
378,Janine,Goodhand,jgoodhandah@spiegel.de,Female,69.24.67.213
379,Jimmie,Bowra,jbowraai@tiny.cc,Male,82.144.26.166
380,Huntlee,Blasio,hblasioaj@photobucket.com,Male,214.153.254.61
381,Lorilyn,Houdhury,lhoudhuryak@disqus.com,Female,162.69.128.71
382,Isaac,Aspenlon,iaspenlonal@guardian.co.uk,Male,164.20.166.191
383,Adriana,Houldin,ahouldinam@foxnews.com,Female,123.175.79.244
384,Matilde,Hitzschke,mhitzschkean@over-blog.com,Female,156.140.65.99
385,Richart,Grose,rgroseao@4shared.com,Male,198.5.50.213
386,Mickie,Farraway,mfarrawayap@answers.com,Female,200.70.206.76
387,Micheil,Croshaw,mcroshawaq@blogs.com,Male,144.184.224.181
388,Sibley,Yaneev,syaneevar@tiny.cc,Female,79.140.104.19
389,Logan,Lavalle,llavalleas@github.com,Male,181.120.249.9
390,Tedi,Jury,tjuryat@ow.ly,Female,134.58.253.103
391,Ann,Natte,anatteau@stanford.edu,Female,86.127.238.61
392,Erin,Luckman,eluckmanav@oracle.com,Male,31.242.125.183
393,Jaquenette,Bonar,jbonaraw@goodreads.com,Female,38.205.93.86
394,Penelopa,Linkin,plinkinax@ocn.ne.jp,Female,181.128.105.103
395,Lena,Fayter,lfayteray@netlog.com,Female,79.109.140.139
396,Cloe,Buzek,cbuzekaz@chron.com,Female,146.57.162.164
397,Arden,Gullivan,agullivanb0@alexa.com,Female,140.200.202.100
398,Leandra,Briggs,lbriggsb1@tiny.cc,Female,205.31.126.11
399,Diana,Mabbutt,dmabbuttb2@ehow.com,Female,13.155.150.120
400,Kevon,Brisseau,kbrisseaub3@mozilla.org,Male,38.41.184.3
